stop_name,trip_2,trip_3,trip_4,trip_5,trip_6,trip_7,trip_8,trip_9,trip_10,trip_11,trip_12,trip_13,trip_14,trip_15,trip_16,trip_17,trip_18,trip_19,trip_20,trip_21,trip_22,trip_23,trip_24,trip_25,trip_26,trip_27,trip_28,trip_29,trip_30,trip_31,trip_32,trip_33,trip_34,trip_35,trip_36,trip_37,trip_38,trip_39,trip_40,trip_41,trip_42,trip_43,trip_44,trip_45,trip_46,trip_47,trip_48,trip_49,trip_50,trip_51,trip_52,trip_53,trip_54,trip_55,trip_56,trip_57,trip_58,trip_59,trip_60,trip_61,trip_62,trip_63,trip_64,trip_65,trip_66,trip_67,trip_68,trip_69,trip_70,trip_71,trip_72,trip_73,trip_74,trip_75,trip_76,trip_77,trip_78,trip_79,trip_80,trip_81,trip_82,trip_83,trip_84,trip_85,trip_86,trip_87,trip_88,trip_89,trip_90,trip_91,trip_92,trip_93,trip_94,trip_95,trip_96,trip_97,trip_98,trip_99,trip_100,trip_101,trip_102,trip_103,trip_104,trip_105,trip_106,trip_107,trip_108,trip_109,trip_110,trip_111,trip_112,trip_113,trip_114,trip_115,trip_116,trip_117,trip_118,trip_119,trip_120,trip_121,trip_122,trip_123,trip_124,trip_125,trip_126,trip_127,trip_128,trip_129,trip_130,trip_131,trip_132,trip_133,trip_134,trip_135,trip_136,trip_137,trip_138,trip_139,trip_140,trip_141,trip_142,trip_143,trip_144,trip_145,trip_146,trip_147,trip_148,trip_149,trip_150,trip_151,trip_152,trip_153,trip_154,trip_155,trip_156,trip_157,trip_158,trip_159,trip_160,trip_161,trip_162,trip_163,trip_164,trip_165,trip_166,trip_167,trip_168,trip_169,trip_170,trip_171,trip_172,trip_173,trip_174,trip_175,trip_176,trip_177,trip_178,trip_179,trip_180,trip_181,trip_182,trip_183,trip_184,trip_185,trip_186,trip_187,trip_188,trip_189,trip_190,trip_191,trip_192,trip_193,trip_194,trip_195,trip_196,trip_197,trip_198,trip_199,trip_200,trip_201,trip_202,trip_203,trip_204,trip_205,trip_206,trip_207,trip_208,trip_209,trip_210,trip_211,trip_212,trip_213,trip_214,trip_215,trip_216,trip_217,trip_218,trip_219,trip_220,trip_221,trip_222,trip_223,trip_224,trip_225,trip_226,trip_227,trip_228,trip_229,trip_230,trip_231,trip_232,trip_233,trip_234,trip_235,trip_236,trip_237,trip_238,trip_239,trip_240,trip_241,trip_242,trip_243,trip_244,trip_245,trip_246,trip_247,trip_248,trip_249,trip_250,trip_251,trip_252,trip_253,trip_254,trip_255,trip_256,trip_257,trip_258,trip_259,trip_260,trip_261,trip_262,trip_263,trip_264,trip_265,trip_266,trip_267,trip_268,trip_269,trip_270,trip_271,trip_272,trip_273,trip_274,trip_275,trip_276,trip_277,trip_278,trip_279,trip_280,trip_281,trip_282,trip_283,trip_284,trip_285,trip_286,trip_287,trip_288,trip_289,trip_290,trip_291,trip_292,trip_293,trip_294,trip_295,trip_296,trip_297,trip_298,trip_299,trip_300,trip_301,trip_302,trip_303,trip_304,trip_305,trip_306,trip_307,trip_308,trip_309,trip_310,trip_311,trip_312,trip_313,trip_314,trip_315,trip_316,trip_317,trip_318,trip_319,trip_320,trip_321,trip_322,trip_323,trip_324,trip_325,trip_326,trip_327,trip_328,trip_329,trip_330,trip_331,trip_332,trip_333,trip_334,trip_335,trip_336,trip_337,trip_338,trip_339,trip_340,trip_341,trip_342,trip_343,trip_344,trip_345,trip_346,trip_347,trip_348,trip_349,trip_350,trip_351,trip_352,trip_353,trip_354,trip_355,trip_356,trip_357,trip_358,trip_359,trip_360,trip_361,trip_362,trip_363,trip_364,trip_365,trip_366,trip_367,trip_368,trip_369,trip_370,trip_371,trip_372,trip_373,trip_374,trip_375,trip_376,trip_377,trip_378,trip_379,trip_380,trip_381,trip_382,trip_383,trip_384,trip_385,trip_386,trip_387,trip_388,trip_389,trip_390,trip_391
O'Hare,0,4380,5280,900,6180,1800,2700,7080,7980,3600,4500,8880,9780,5400,7200,11580,9000,13380,10800,15180,11700,16080,12600,16980,13500,17880,14400,18780,15300,19680,20580,16200,21180,16800,21780,17400,22380,18000,22980,18600,23580,19200,24180,19800,24780,20400,21000,25380,21600,25980,22050,26460,22500,26940,22950,27390,23400,27840,23700,28290,24300,NA,28740,24600,29190,NA,29640,25200,25440,30090,25890,NA,NA,26100,30540,26280,26460,30990,26820,NA,NA,31440,27000,27330,31890,NA,27660,NA,27840,NA,32340,28170,28320,32790,28650,NA,33240,NA,28830,NA,29160,33690,29310,29640,NA,34140,NA,NA,30000,34560,30180,30420,34980,33420,NA,30900,35400,31200,35760,34320,NA,36120,31800,36480,32100,35220,32400,36840,NA,37200,32850,37560,33300,36300,37920,33750,38280,34200,38640,37380,34650,39090,35100,39540,39990,35550,36000,40440,40890,36450,41340,36900,41790,37350,42240,37800,38250,42690,43140,38700,39150,43590,44040,39600,44490,40050,40500,44940,40950,45390,41400,45840,41850,46290,42300,46740,42750,47190,43200,47640,48090,43650,44100,48540,44550,48990,45000,49440,49890,45450,50340,45900,50790,46350,51240,46800,51690,47250,52140,47700,48150,52590,48600,53040,53490,49050,49500,53940,54390,49950,54840,50400,50760,55260,51120,55680,51480,56100,51840,56520,52200,56910,52560,57300,52920,57690,53280,53640,58080,58440,54000,54360,58800,59160,54720,59520,55080,55440,59880,55800,60240,NA,60600,56160,60960,56520,56700,61320,56880,61620,57240,61920,57600,62220,57780,58050,62700,62940,58500,63120,63300,63480,58950,59130,63840,59400,64020,62460,64350,59850,64530,64680,60300,65010,60480,65190,NA,60750,65520,65670,NA,61200,65850,66180,61650,66360,61830,NA,66540,62100,66780,NA,67020,62550,62730,67500,63000,NA,67800,63450,68100,68400,63900,67260,64350,69000,NA,69300,64800,65250,69900,NA,65700,70260,68700,66150,70620,71040,66600,69600,71490,67050,71940,67500,67950,72390,72840,68400,68850,73290,73740,69300,69750,74190,70200,74640,75090,70650,75540,71100,71550,75990,72000,76440,72600,76980,77580,73200,73800,78180,78780,74400,79380,75000,75600,79980,76200,80580,81180,76800,81780,77400,82380,78000,78600,82980,83580,79200,79800,84180,80400,84780,85380,81000,85980,81600,82200,86580,82800,87180,83400,87780,88380,84000,84600,88980,85200,89580,90180,85800
Rosemont,300,4080,4980,1200,5880,2100,3000,6780,7680,3900,4800,8580,9480,5700,7500,11280,9300,13080,11100,14880,12000,15780,12900,16680,13800,17580,14700,18480,15600,19380,20280,16500,20880,17100,21480,17700,22080,18300,22680,18900,23280,19500,23880,20100,24480,20700,21300,25080,21900,25680,22350,26160,22800,26640,23250,27090,23700,27540,24000,27990,24600,24300,28440,24900,28890,25200,29340,25500,25740,29790,26190,25980,NA,26400,30240,26580,26760,30690,27120,NA,26940,31140,27300,27630,31590,27480,27960,27810,28140,NA,32040,28470,28620,32490,28950,NA,32940,28800,29130,NA,29460,33390,29610,29940,NA,33840,29790,NA,30300,34260,30480,30720,34680,33120,NA,31200,35100,31500,35460,34020,NA,35820,32100,36180,32400,34920,32700,36540,NA,36900,33150,37260,33600,36000,37620,34050,37980,34500,38340,37080,34950,38790,35400,39240,39690,35850,36300,40140,40590,36750,41040,37200,41490,37650,41940,38100,38550,42390,42840,39000,39450,43290,43740,39900,44190,40350,40800,44640,41250,45090,41700,45540,42150,45990,42600,46440,43050,46890,43500,47340,47790,43950,44400,48240,44850,48690,45300,49140,49590,45750,50040,46200,50490,46650,50940,47100,51390,47550,51840,48000,48450,52290,48900,52740,53190,49350,49800,53640,54090,50250,54540,50700,51060,54960,51420,55380,51780,55800,52140,56220,52500,56610,52860,57000,53220,57390,53580,53940,57780,58140,54300,54660,58500,58860,55020,59220,55380,55740,59580,56100,59940,55920,60300,56460,60660,56820,57000,61020,57180,61320,57540,61620,57900,61920,58080,58350,62400,62640,58800,62820,63000,63180,59250,59430,63540,59700,63720,62160,64050,60150,64230,64380,60600,64710,60780,64890,63360,61050,65220,65370,NA,61500,65550,65880,61950,66060,62130,64560,66240,62400,66480,NA,66720,62850,63030,67200,63300,65700,67500,63750,67800,68100,64200,66960,64650,68700,NA,69000,65100,65550,69600,NA,66000,69960,68400,66450,70320,70740,66900,69300,71190,67350,71640,67800,68250,72090,72540,68700,69150,72990,73440,69600,70050,73890,70500,74340,74790,70950,75240,71400,71850,75690,72300,76140,72900,76680,77280,73500,74100,77880,78480,74700,79080,75300,75900,79680,76500,80280,80880,77100,81480,77700,82080,78300,78900,82680,83280,79500,80100,83880,80700,84480,85080,81300,85680,81900,82500,86280,83100,86880,83700,87480,88080,84300,84900,88680,85500,89280,89880,86100
Cumberland,420,3960,4860,1320,5760,2220,3120,6660,7560,4020,4920,8460,9360,5820,7620,11160,9420,12960,11220,14760,12120,15660,13020,16560,13920,17460,14820,18360,15720,19260,20160,16620,20760,17220,21360,17820,21960,18420,22560,19020,23160,19620,23760,20220,24360,20820,21420,24960,22020,25560,22470,26040,22920,26520,23370,26970,23820,27420,24120,27870,24720,24420,28320,25020,28770,25320,29220,25620,25860,29670,26310,26100,NA,26520,30120,26700,26880,30570,27240,NA,27060,31020,27420,27750,31470,27600,28080,27930,28260,NA,31920,28590,28740,32370,29070,NA,32820,28920,29250,NA,29580,33270,29730,30060,NA,33720,29910,NA,30420,34140,30600,30840,34560,33000,NA,31320,34980,31620,35340,33900,NA,35700,32220,36060,32520,34800,32820,36420,NA,36780,33270,37140,33720,35880,37500,34170,37860,34620,38220,36960,35070,38670,35520,39120,39570,35970,36420,40020,40470,36870,40920,37320,41370,37770,41820,38220,38670,42270,42720,39120,39570,43170,43620,40020,44070,40470,40920,44520,41370,44970,41820,45420,42270,45870,42720,46320,43170,46770,43620,47220,47670,44070,44520,48120,44970,48570,45420,49020,49470,45870,49920,46320,50370,46770,50820,47220,51270,47670,51720,48120,48570,52170,49020,52620,53070,49470,49920,53520,53970,50370,54420,50820,51180,54840,51540,55260,51900,55680,52260,56100,52620,56490,52980,56880,53340,57270,53700,54060,57660,58020,54420,54780,58380,58740,55140,59100,55500,55860,59460,56220,59820,56040,60180,56580,60540,56940,57120,60900,57300,61200,57660,61500,58020,61800,58200,58470,62280,62520,58920,62700,62880,63060,59370,59550,63420,59820,63600,62040,63930,60270,64110,64260,60720,64590,60900,64770,63240,61170,65100,65250,NA,61620,65430,65760,62070,65940,62250,64440,66120,62520,66360,NA,66600,62970,63150,67080,63420,65580,67380,63870,67680,67980,64320,66840,64770,68580,NA,68880,65220,65670,69480,NA,66120,69840,68280,66570,70200,70620,67020,69180,71070,67470,71520,67920,68370,71970,72420,68820,69270,72870,73320,69720,70170,73770,70620,74220,74670,71070,75120,71520,71970,75570,72420,76020,73020,76560,77160,73620,74220,77760,78360,74820,78960,75420,76020,79560,76620,80160,80760,77220,81360,77820,81960,78420,79020,82560,83160,79620,80220,83760,80820,84360,84960,81420,85560,82020,82620,86160,83220,86760,83820,87360,87960,84420,85020,88560,85620,89160,89760,86220
Harlem-O'Hare,630,3750,4650,1530,5550,2430,3330,6450,7350,4230,5130,8250,9150,6030,7830,10950,9630,12750,11430,14550,12330,15450,13230,16350,14130,17250,15030,18150,15930,19050,19950,16830,20550,17430,21150,18030,21750,18630,22350,19230,22950,19830,23550,20430,24150,21030,21630,24750,22230,25350,22680,25830,23130,26310,23580,26760,24030,27210,24330,27660,24930,24630,28110,25230,28560,25530,29010,25830,26070,29460,26520,26310,NA,26730,29910,26910,27090,30360,27450,NA,27270,30810,27630,27960,31260,27810,28290,28140,28470,NA,31710,28800,28950,32160,29280,NA,32610,29130,29460,NA,29790,33060,29940,30270,NA,33510,30120,NA,30630,33930,30810,31050,34350,32790,NA,31530,34770,31830,35130,33690,NA,35490,32430,35850,32730,34590,33030,36210,NA,36570,33480,36930,33930,35670,37290,34380,37650,34830,38010,36750,35280,38460,35730,38910,39360,36180,36630,39810,40260,37080,40710,37530,41160,37980,41610,38430,38880,42060,42510,39330,39780,42960,43410,40230,43860,40680,41130,44310,41580,44760,42030,45210,42480,45660,42930,46110,43380,46560,43830,47010,47460,44280,44730,47910,45180,48360,45630,48810,49260,46080,49710,46530,50160,46980,50610,47430,51060,47880,51510,48330,48780,51960,49230,52410,52860,49680,50130,53310,53760,50580,54210,51030,51390,54630,51750,55050,52110,55470,52470,55890,52830,56280,53190,56670,53550,57060,53910,54270,57450,57810,54630,54990,58170,58530,55350,58890,55710,56070,59250,56430,59610,56250,59970,56790,60330,57150,57330,60690,57510,60990,57870,61290,58230,61590,58410,58680,62070,62310,59130,62490,62670,62850,59580,59760,63210,60030,63390,61830,63720,60480,63900,64050,60930,64380,61110,64560,63030,61380,64890,65040,NA,61830,65220,65550,62280,65730,62460,64230,65910,62730,66150,NA,66390,63180,63360,66870,63630,65370,67170,64080,67470,67770,64530,66630,64980,68370,NA,68670,65430,65880,69270,NA,66330,69630,68070,66780,69990,70410,67230,68970,70860,67680,71310,68130,68580,71760,72210,69030,69480,72660,73110,69930,70380,73560,70830,74010,74460,71280,74910,71730,72180,75360,72630,75810,73230,76350,76950,73830,74430,77550,78150,75030,78750,75630,76230,79350,76830,79950,80550,77430,81150,78030,81750,78630,79230,82350,82950,79830,80430,83550,81030,84150,84750,81630,85350,82230,82830,85950,83430,86550,84030,87150,87750,84630,85230,88350,85830,88950,89550,86430
Jefferson Park,900,3510,4410,1800,5310,2700,3600,6210,7110,4500,5400,8010,8910,6300,8100,10710,9900,12510,11700,14310,12600,15210,13500,16110,14400,17010,15300,17910,16200,18810,19710,17100,20310,17700,20910,18300,21510,18900,22110,19500,22710,20100,23310,20700,23910,21300,21900,24510,22500,25110,22980,25590,23430,26070,23880,26520,24330,26970,24630,27420,25230,24930,27870,25530,28320,25830,28770,26130,26370,29220,26820,26610,28050,27030,29670,27210,27390,30120,27750,28950,27570,30570,27930,28260,31020,28110,28590,28440,28770,29850,31470,29100,29250,31920,29580,30750,32370,29430,29760,28920,30090,32820,30240,30570,31650,33270,30420,29910,30930,33690,31110,31350,34110,32550,30750,31830,34530,32130,34890,33450,31590,35250,32730,35610,33030,34350,33330,35970,32430,36330,33750,36690,34200,35430,37050,34650,37410,35100,37770,36510,35550,38220,36000,38670,39120,36450,36900,39570,40020,37350,40470,37800,40920,38250,41370,38700,39150,41820,42270,39600,40050,42720,43170,40500,43620,40950,41400,44070,41850,44520,42300,44970,42750,45420,43200,45870,43650,46320,44100,46770,47220,44550,45000,47670,45450,48120,45900,48570,49020,46350,49470,46800,49920,47250,50370,47700,50820,48150,51270,48600,49050,51720,49500,52170,52620,49950,50400,53070,53520,50850,53970,51300,51660,54390,52020,54810,52380,55230,52740,55650,53100,56040,53460,56430,53820,56820,54180,54540,57210,57570,54900,55260,57930,58290,55620,58650,55980,56340,59010,56700,59370,56520,59730,57060,60090,57420,57600,60450,57780,60750,58140,61050,58500,61350,58680,58950,61830,62070,59400,62250,62430,62610,59850,60030,62970,60300,63150,61590,63480,60750,63660,63810,61200,64140,61380,64320,62790,61650,64650,64800,63330,62100,64980,65310,62550,65490,62730,63990,65670,63000,65910,64470,66150,63450,63630,66630,63900,65130,66930,64350,67230,67530,64800,66390,65250,68130,64530,68430,65700,66150,69030,65430,66600,69390,67830,67050,69750,70170,67500,68730,70620,67950,71070,68400,68850,71520,71970,69300,69750,72420,72870,70200,70650,73320,71100,73770,74220,71550,74670,72000,72450,75120,72900,75570,73500,76110,76710,74100,74700,77310,77910,75300,78510,75900,76500,79110,77100,79710,80310,77700,80910,78300,81510,78900,79500,82110,82710,80100,80700,83310,81300,83910,84510,81900,85110,82500,83100,85710,83700,86310,84300,86910,87510,84900,85500,88110,86100,88710,89310,86700
Montrose-Blue,1020,3360,4260,1920,5160,2820,3720,6060,6960,4620,5520,7860,8760,6420,8220,10560,10020,12360,11820,14160,12720,15060,13620,15960,14520,16860,15420,17760,16320,18660,19560,17220,20160,17820,20760,18420,21360,19020,21960,19620,22560,20220,23160,20820,23760,21420,22020,24360,22620,24960,23100,25440,23550,25920,24000,26370,24450,26820,24750,27270,25350,25050,27720,25650,28170,25950,28620,26250,26490,29070,26940,26730,27900,27150,29520,27330,27510,29970,27870,28800,27690,30420,28050,28380,30870,28230,28710,28560,28890,29700,31320,29220,29370,31770,29700,30600,32220,29550,29880,29040,30210,32670,30360,30690,31500,33120,30540,30030,31050,33540,31230,31470,33960,32400,30870,31950,34380,32250,34740,33300,31710,35100,32850,35460,33150,34200,33450,35820,32550,36180,33870,36540,34320,35280,36900,34770,37260,35220,37620,36360,35670,38070,36120,38520,38970,36570,37020,39420,39870,37470,40320,37920,40770,38370,41220,38820,39270,41670,42120,39720,40170,42570,43020,40620,43470,41070,41520,43920,41970,44370,42420,44820,42870,45270,43320,45720,43770,46170,44220,46620,47070,44670,45120,47520,45570,47970,46020,48420,48870,46470,49320,46920,49770,47370,50220,47820,50670,48270,51120,48720,49170,51570,49620,52020,52470,50070,50520,52920,53370,50970,53820,51420,51780,54240,52140,54660,52500,55080,52860,55500,53220,55890,53580,56280,53940,56670,54300,54660,57060,57420,55020,55380,57780,58140,55740,58500,56100,56460,58860,56820,59220,56640,59580,57180,59940,57540,57720,60300,57900,60600,58260,60900,58620,61200,58800,59070,61680,61920,59520,62100,62280,62460,59970,60150,62820,60420,63000,61440,63330,60870,63510,63660,61320,63990,61500,64170,62640,61770,64500,64650,63180,62220,64830,65160,62670,65340,62850,63840,65520,63120,65760,64320,66000,63570,63750,66480,64020,64980,66780,64470,67080,67380,64920,66240,65370,67980,64650,68280,65820,66270,68880,65550,66720,69240,67680,67170,69600,70020,67620,68580,70470,68070,70920,68520,68970,71370,71820,69420,69870,72270,72720,70320,70770,73170,71220,73620,74070,71670,74520,72120,72570,74970,73020,75420,73620,75960,76560,74220,74820,77160,77760,75420,78360,76020,76620,78960,77220,79560,80160,77820,80760,78420,81360,79020,79620,81960,82560,80220,80820,83160,81420,83760,84360,82020,84960,82620,83220,85560,83820,86160,84420,86760,87360,85020,85620,87960,86220,88560,89160,86820
Irving Park-Blue,1140,3240,4140,2040,5040,2940,3840,5940,6840,4740,5640,7740,8640,6540,8340,10440,10140,12240,11940,14040,12840,14940,13740,15840,14640,16740,15540,17640,16440,18540,19440,17340,20040,17940,20640,18540,21240,19140,21840,19740,22440,20340,23040,20940,23640,21540,22140,24240,22740,24840,23250,25320,23700,25800,24150,26250,24600,26700,24900,27150,25500,25200,27600,25800,28050,26100,28500,26400,26640,28950,27090,26880,27780,27300,29400,27480,27660,29850,28020,28680,27840,30300,28200,28530,30750,28380,28860,28710,29040,29580,31200,29370,29520,31650,29850,30480,32100,29700,30030,29190,30360,32550,30510,30840,31380,33000,30690,30180,31200,33420,31380,31620,33840,32280,31020,32100,34260,32400,34620,33180,31860,34980,33000,35340,33300,34080,33600,35700,32700,36060,34020,36420,34470,35160,36780,34920,37140,35370,37500,36240,35820,37950,36270,38400,38850,36720,37170,39300,39750,37620,40200,38070,40650,38520,41100,38970,39420,41550,42000,39870,40320,42450,42900,40770,43350,41220,41670,43800,42120,44250,42570,44700,43020,45150,43470,45600,43920,46050,44370,46500,46950,44820,45270,47400,45720,47850,46170,48300,48750,46620,49200,47070,49650,47520,50100,47970,50550,48420,51000,48870,49320,51450,49770,51900,52350,50220,50670,52800,53250,51120,53700,51570,51930,54120,52290,54540,52650,54960,53010,55380,53370,55770,53730,56160,54090,56550,54450,54810,56940,57300,55170,55530,57660,58020,55890,58380,56250,56610,58740,56970,59100,56790,59460,57330,59820,57690,57870,60180,58050,60480,58410,60780,58770,61080,58950,59220,61560,61800,59670,61980,62160,62340,60120,60300,62700,60570,62880,61320,63210,61020,63390,63540,61470,63870,61650,64050,62520,61920,64380,64530,63060,62370,64710,65040,62820,65220,63000,63720,65400,63270,65640,64200,65880,63720,63900,66360,64170,64860,66660,64620,66960,67260,65070,66120,65520,67860,64800,68160,65970,66420,68760,65700,66870,69120,67560,67320,69480,69900,67770,68460,70350,68220,70800,68670,69120,71250,71700,69570,70020,72150,72600,70470,70920,73050,71370,73500,73950,71820,74400,72270,72720,74850,73170,75300,73740,75840,76440,74340,74940,77040,77640,75540,78240,76140,76740,78840,77340,79440,80040,77940,80640,78540,81240,79140,79740,81840,82440,80340,80940,83040,81540,83640,84240,82140,84840,82740,83340,85440,83940,86040,84540,86640,87240,85140,85740,87840,86340,88440,89040,86940
Addison-Blue,1260,3120,4020,2160,4920,3060,3960,5820,6720,4860,5760,7620,8520,6660,8460,10320,10260,12120,12060,13920,12960,14820,13860,15720,14760,16620,15660,17520,16560,18420,19320,17460,19920,18060,20520,18660,21120,19260,21720,19860,22320,20460,22920,21060,23520,21660,22260,24120,22860,24720,23340,25200,23790,25680,24240,26130,24690,26580,24990,27030,25590,25290,27480,25890,27930,26190,28380,26490,26730,28830,27180,26970,27660,27390,29280,27570,27750,29730,28110,28560,27930,30180,28290,28620,30630,28470,28950,28800,29130,29460,31080,29460,29610,31530,29940,30360,31980,29790,30120,29280,30450,32430,30600,30930,31260,32880,30780,30270,31290,33300,31470,31710,33720,32160,31110,32190,34140,32490,34500,33060,31950,34860,33090,35220,33390,33960,33690,35580,32790,35940,34110,36300,34560,35040,36660,35010,37020,35460,37380,36120,35910,37830,36360,38280,38730,36810,37260,39180,39630,37710,40080,38160,40530,38610,40980,39060,39510,41430,41880,39960,40410,42330,42780,40860,43230,41310,41760,43680,42210,44130,42660,44580,43110,45030,43560,45480,44010,45930,44460,46380,46830,44910,45360,47280,45810,47730,46260,48180,48630,46710,49080,47160,49530,47610,49980,48060,50430,48510,50880,48960,49410,51330,49860,51780,52230,50310,50760,52680,53130,51210,53580,51660,52020,54000,52380,54420,52740,54840,53100,55260,53460,55650,53820,56040,54180,56430,54540,54900,56820,57180,55260,55620,57540,57900,55980,58260,56340,56700,58620,57060,58980,56880,59340,57420,59700,57780,57960,60060,58140,60360,58500,60660,58860,60960,59040,59310,61440,61680,59760,61860,62040,62220,60210,60390,62580,60660,62760,61200,63090,61110,63270,63420,61560,63750,61740,63930,62400,62010,64260,64410,62940,62460,64590,64920,62910,65100,63090,63600,65280,63360,65520,64080,65760,63810,63990,66240,64260,64740,66540,64710,66840,67140,65160,66000,65610,67740,64890,68040,66060,66510,68640,65790,66960,69000,67440,67410,69360,69780,67860,68340,70230,68310,70680,68760,69210,71130,71580,69660,70110,72030,72480,70560,71010,72930,71460,73380,73830,71910,74280,72360,72810,74730,73260,75180,73860,75720,76320,74460,75060,76920,77520,75660,78120,76260,76860,78720,77460,79320,79920,78060,80520,78660,81120,79260,79860,81720,82320,80460,81060,82920,81660,83520,84120,82260,84720,82860,83460,85320,84060,85920,84660,86520,87120,85260,85860,87720,86460,88320,88920,87060
Belmont-Blue,1350,3030,3930,2250,4830,3150,4050,5730,6630,4950,5850,7530,8430,6750,8550,10230,10350,12030,12150,13830,13050,14730,13950,15630,14850,16530,15750,17430,16650,18330,19230,17550,19830,18150,20430,18750,21030,19350,21630,19950,22230,20550,22830,21150,23430,21750,22350,24030,22950,24630,23460,25110,23910,25590,24360,26040,24810,26490,25110,26940,25710,25410,27390,26010,27840,26310,28290,26610,26850,28740,27300,27090,27570,27510,29190,27690,27870,29640,28230,28470,28050,30090,28410,28740,30540,28590,29070,28920,29250,29370,30990,29580,29730,31440,30060,30270,31890,29910,30240,29400,30570,32340,30720,31050,31170,32790,30900,30390,31410,33210,31590,31830,33630,32070,31230,32310,34050,32610,34410,32970,32070,34770,33210,35130,33510,33870,33810,35490,32910,35850,34230,36210,34680,34950,36570,35130,36930,35580,37290,36030,36030,37740,36480,38190,38640,36930,37380,39090,39540,37830,39990,38280,40440,38730,40890,39180,39630,41340,41790,40080,40530,42240,42690,40980,43140,41430,41880,43590,42330,44040,42780,44490,43230,44940,43680,45390,44130,45840,44580,46290,46740,45030,45480,47190,45930,47640,46380,48090,48540,46830,48990,47280,49440,47730,49890,48180,50340,48630,50790,49080,49530,51240,49980,51690,52140,50430,50880,52590,53040,51330,53490,51780,52140,53910,52500,54330,52860,54750,53220,55170,53580,55560,53940,55950,54300,56340,54660,55020,56730,57090,55380,55740,57450,57810,56100,58170,56460,56820,58530,57180,58890,57000,59250,57540,59610,57900,58080,59970,58260,60270,58620,60570,58980,60870,59160,59430,61350,61590,59880,61770,61950,62130,60330,60510,62490,60780,62670,61110,63000,61230,63180,63330,61680,63660,61860,63840,62310,62130,64170,64320,62850,62580,64500,64830,63030,65010,63210,63510,65190,63480,65430,63990,65670,63930,64110,66150,64380,64650,66450,64830,66750,67050,65280,65910,65730,67650,65010,67950,66180,66630,68550,65910,67080,68910,67350,67530,69270,69690,67980,68250,70140,68430,70590,68880,69330,71040,71490,69780,70230,71940,72390,70680,71130,72840,71580,73290,73740,72030,74190,72480,72930,74640,73380,75090,73950,75630,76230,74550,75150,76830,77430,75750,78030,76350,76950,78630,77550,79230,79830,78150,80430,78750,81030,79350,79950,81630,82230,80550,81150,82830,81750,83430,84030,82350,84630,82950,83550,85230,84150,85830,84750,86430,87030,85350,85950,87630,86550,88230,88830,87150
Logan Square,1500,2910,3810,2400,4710,3300,4200,5610,6510,5100,6000,7410,8310,6900,8700,10110,10500,11910,12300,13710,13200,14610,14100,15510,15000,16410,15900,17310,16800,18210,19110,17700,19710,18300,20310,18900,20910,19500,21510,20100,22110,20700,22710,21300,23310,21900,22500,23910,23100,24510,23610,24990,24060,25470,24510,25920,24960,26370,25260,26820,25860,25560,27270,26160,27720,26460,28170,26760,27000,28620,27450,27240,27450,27660,29070,27840,28020,29520,28380,28350,28200,29970,28560,28890,30420,28740,29220,29070,29400,29250,30870,29730,29880,31320,30210,30150,31770,30060,30390,29550,30720,32220,30870,31200,31050,32670,31050,30540,31560,33090,31740,31980,33510,31950,31380,32460,33930,32760,34290,32850,32220,34650,33360,35010,33660,33750,33960,35370,33060,35730,34380,36090,34830,34830,36450,35280,36810,35730,37170,35910,36180,37620,36630,38070,38520,37080,37530,38970,39420,37980,39870,38430,40320,38880,40770,39330,39780,41220,41670,40230,40680,42120,42570,41130,43020,41580,42030,43470,42480,43920,42930,44370,43380,44820,43830,45270,44280,45720,44730,46170,46620,45180,45630,47070,46080,47520,46530,47970,48420,46980,48870,47430,49320,47880,49770,48330,50220,48780,50670,49230,49680,51120,50130,51570,52020,50580,51030,52470,52920,51480,53370,51930,52290,53790,52650,54210,53010,54630,53370,55050,53730,55440,54090,55830,54450,56220,54810,55170,56610,56970,55530,55890,57330,57690,56250,58050,56610,56970,58410,57330,58770,57150,59130,57690,59490,58050,58230,59850,58410,60150,58770,60450,59130,60750,59310,59580,61230,61470,60030,61650,61830,62010,60480,60660,62370,60930,62550,60990,62880,61380,63060,63210,61830,63540,62010,63720,62190,62280,64050,64200,62730,62730,64380,64710,63180,64890,63360,63390,65070,63630,65310,63870,65550,64080,64260,66030,64530,64530,66330,64980,66630,66930,65430,65790,65880,67530,65160,67830,66330,66780,68430,66060,67230,68790,67230,67680,69150,69570,68130,68130,70020,68580,70470,69030,69480,70920,71370,69930,70380,71820,72270,70830,71280,72720,71730,73170,73620,72180,74070,72630,73080,74520,73530,74970,74100,75510,76110,74700,75300,76710,77310,75900,77910,76500,77100,78510,77700,79110,79710,78300,80310,78900,80910,79500,80100,81510,82110,80700,81300,82710,81900,83310,83910,82500,84510,83100,83700,85110,84300,85710,84900,86310,86910,85500,86100,87510,86700,88110,88710,87300
California-O'Hare,1620,2790,3690,2520,4590,3420,4320,5490,6390,5220,6120,7290,8190,7020,8820,9990,10620,11790,12420,13590,13320,14490,14220,15390,15120,16290,16020,17190,16920,18090,18990,17820,19590,18420,20190,19020,20790,19620,21390,20220,21990,20820,22590,21420,23190,22020,22620,23790,23220,24390,23730,24870,24180,25350,24630,25800,25080,26250,25410,26700,26010,25710,27150,26310,27600,26610,28050,26910,27150,28500,27600,27390,27330,27810,28950,27990,28170,29400,28530,28230,28350,29850,28710,29040,30300,28890,29370,29220,29550,29130,30750,29880,30030,31200,30360,30030,31650,30210,30540,29700,30870,32100,31020,31350,30930,32550,31200,30690,31710,32970,31890,32130,33390,31830,31530,32610,33810,32910,34170,32730,32370,34530,33510,34890,33810,33630,34110,35250,33210,35610,34530,35970,34950,34710,36330,35400,36690,35850,37050,35790,36300,37500,36750,37950,38400,37200,37650,38850,39300,38100,39750,38550,40200,39000,40650,39450,39900,41100,41550,40350,40800,42000,42450,41250,42900,41700,42150,43350,42600,43800,43050,44250,43500,44700,43950,45150,44400,45600,44850,46050,46500,45300,45750,46950,46200,47400,46650,47850,48300,47100,48750,47550,49200,48000,49650,48450,50100,48900,50550,49350,49800,51000,50250,51450,51900,50700,51150,52350,52800,51600,53250,52050,52410,53670,52770,54090,53130,54510,53490,54930,53850,55320,54210,55710,54570,56100,54930,55290,56490,56850,55650,56010,57210,57570,56370,57930,56730,57090,58290,57450,58650,57270,59010,57810,59370,58170,58350,59700,58530,60000,58890,60300,59250,60600,59430,59700,61080,61320,60150,61500,61680,61860,60600,60780,62220,61050,62400,60840,62730,61500,62910,63060,61950,63390,62130,63570,62040,62400,63900,64050,62580,62850,64230,64560,63300,64740,63480,63240,64920,63750,65160,63720,65400,64200,64380,65910,64650,64380,66210,65100,66510,66810,65550,65640,66000,67410,65280,67710,66450,66900,68310,66180,67350,68670,67110,67800,69030,69450,68250,68010,69900,68700,70350,69150,69600,70800,71250,70050,70500,71700,72150,70950,71400,72600,71850,73050,73500,72300,73950,72750,73200,74400,73650,74850,74220,75390,75990,74820,75420,76590,77190,76020,77790,76620,77220,78390,77820,78990,79590,78420,80190,79020,80790,79620,80220,81390,81990,80820,81420,82590,82020,83190,83790,82620,84390,83220,83820,84990,84420,85590,85020,86190,86790,85620,86220,87390,86820,87990,88590,87420
Western-O'Hare,1770,2670,3570,2670,4470,3570,4470,5370,6270,5370,6270,7170,8070,7170,8970,9870,10770,11670,12570,13470,13470,14370,14370,15270,15270,16170,16170,17070,17070,17970,18870,17970,19470,18570,20070,19170,20670,19770,21270,20370,21870,20970,22470,21570,23070,22170,22770,23670,23370,24270,23880,24750,24330,25230,24780,25680,25230,26130,25530,26580,26130,25830,27030,26430,27480,26730,27930,27030,27300,28380,27750,27540,27210,27960,28830,28140,28320,29280,28680,28110,28500,29730,28860,29190,30180,29040,29520,29370,29700,29010,30630,30030,30180,31080,30510,29910,31530,30360,30690,29850,31020,31980,31170,31500,30810,32430,31350,30840,31860,32850,32040,32280,33270,31710,31680,32760,33690,33060,34050,32610,32520,34410,33660,34770,33960,33510,34260,35130,33360,35490,34650,35850,35100,34590,36210,35550,36570,36000,36930,35670,36450,37380,36900,37830,38280,37350,37800,38730,39180,38250,39630,38700,40080,39150,40530,39600,40050,40980,41430,40500,40950,41880,42330,41400,42780,41850,42300,43230,42750,43680,43200,44130,43650,44580,44100,45030,44550,45480,45000,45930,46380,45450,45900,46830,46350,47280,46800,47730,48180,47250,48630,47700,49080,48150,49530,48600,49980,49050,50430,49500,49950,50880,50400,51330,51780,50850,51300,52230,52680,51750,53130,52200,52560,53550,52920,53970,53280,54390,53640,54810,54000,55200,54360,55590,54720,55980,55080,55440,56370,56730,55800,56160,57090,57450,56520,57810,56880,57240,58170,57600,58530,57420,58890,57960,59220,58320,58500,59580,58680,59880,59040,60180,59400,60480,59580,59850,60960,61200,60300,61380,61560,61740,60750,60930,62100,61200,62280,60720,62610,61650,62790,62940,62100,63270,62280,63450,61920,62550,63780,63930,62460,63000,64110,64440,63450,64620,63630,63120,64800,63900,65040,63600,65280,64350,64530,65760,64800,64260,66060,65250,66360,66660,65700,65520,66150,67260,65430,67560,66600,67050,68160,66330,67500,68520,66960,67950,68910,69330,68400,67860,69780,68850,70230,69300,69750,70680,71130,70200,70650,71580,72030,71100,71550,72480,72000,72930,73380,72450,73830,72900,73350,74280,73800,74730,74370,75270,75870,74970,75570,76470,77070,76170,77670,76770,77370,78270,77970,78870,79470,78570,80070,79170,80670,79770,80370,81270,81870,80970,81570,82470,82170,83070,83670,82770,84270,83370,83970,84870,84570,85470,85170,86070,86670,85770,86370,87270,86970,87870,88470,87570
Damen-O'Hare,1890,2550,3450,2790,4350,3690,4590,5250,6150,5490,6390,7050,7950,7290,9090,9750,10890,11550,12690,13350,13590,14250,14490,15150,15390,16050,16290,16950,17190,17850,18750,18090,19350,18690,19950,19290,20550,19890,21150,20490,21750,21090,22350,21690,22950,22290,22890,23550,23490,24150,24000,24630,24450,25110,24900,25560,25350,26010,25680,26460,26280,25980,26910,26580,27360,26880,27810,27180,27450,28260,27900,27690,27090,28110,28710,28290,28470,29160,28830,27990,28650,29610,29010,29340,30060,29190,29670,29520,29850,28890,30510,30180,30330,30960,30660,29790,31410,30510,30840,30000,31170,31860,31320,31650,30690,32310,31500,30990,32010,32730,32190,32430,33150,31590,31830,32910,33570,33210,33930,32490,32670,34290,33810,34650,34110,33390,34410,35010,33510,35370,34800,35730,35220,34470,36090,35670,36450,36120,36810,35550,36570,37260,37020,37710,38160,37470,37920,38610,39060,38370,39510,38820,39960,39270,40410,39720,40170,40860,41310,40620,41070,41760,42210,41520,42660,41970,42420,43110,42870,43560,43320,44010,43770,44460,44220,44910,44670,45360,45120,45810,46260,45570,46020,46710,46470,47160,46920,47610,48060,47370,48510,47820,48960,48270,49410,48720,49860,49170,50310,49620,50070,50760,50520,51210,51660,50970,51420,52110,52560,51870,53010,52320,52680,53430,53040,53850,53400,54270,53760,54690,54120,55080,54480,55470,54840,55860,55200,55560,56250,56610,55920,56280,56970,57330,56640,57690,57000,57360,58050,57720,58410,57540,58770,58080,59100,58440,58620,59460,58800,59760,59160,60060,59520,60360,59700,59970,60840,61080,60420,61260,61440,61620,60870,61050,61980,61320,62160,60600,62490,61770,62670,62820,62220,63150,62400,63330,61800,62670,63660,63810,62340,63120,63990,64320,63570,64500,63750,63000,64680,64020,64920,63480,65160,64470,64650,65640,64920,64140,65940,65370,66240,66540,65820,65400,66270,67140,65550,67440,66720,67170,68040,66450,67620,68400,66840,68070,68790,69210,68520,67740,69660,68970,70110,69420,69870,70560,71010,70320,70770,71460,71910,71220,71670,72360,72120,72810,73260,72570,73710,73020,73470,74160,73920,74610,74490,75150,75750,75090,75690,76350,76950,76290,77550,76890,77490,78150,78090,78750,79350,78690,79950,79290,80550,79890,80490,81150,81750,81090,81690,82350,82290,82950,83550,82890,84150,83490,84090,84750,84690,85350,85290,85950,86550,85890,86490,87150,87090,87750,88350,87690
Division,2010,2430,3330,2910,4230,3810,4710,5130,6030,5610,6510,6930,7830,7410,9210,9630,11010,11430,12810,13230,13710,14130,14610,15030,15510,15930,16410,16830,17310,17730,18630,18210,19230,18810,19830,19410,20430,20010,21030,20610,21630,21210,22230,21810,22830,22410,23010,23430,23610,24030,24120,24510,24570,24990,25020,25440,25470,25890,25800,26340,26400,26100,26790,26700,27240,27000,27690,27300,27570,28140,28020,27810,26970,28230,28590,28410,28590,29040,28950,27870,28770,29490,29130,29460,29940,29310,29790,29640,29970,28770,30390,30300,30450,30840,30780,29670,31290,30630,30960,30120,31290,31740,31440,31770,30570,32190,31620,31110,32130,32610,32310,32550,33030,31470,31950,33030,33450,33330,33810,32370,32790,34170,33930,34530,34230,33270,34530,34890,33630,35250,34920,35610,35340,34350,35970,35790,36330,36240,36690,35430,36690,37140,37140,37590,38040,37590,38040,38490,38940,38490,39390,38940,39840,39390,40290,39840,40290,40740,41190,40740,41190,41640,42090,41640,42540,42090,42540,42990,42990,43440,43440,43890,43890,44340,44340,44790,44790,45240,45240,45690,46140,45690,46140,46590,46590,47040,47040,47490,47940,47490,48390,47940,48840,48390,49290,48840,49740,49290,50190,49740,50190,50640,50640,51090,51540,51090,51540,51990,52440,51990,52890,52440,52800,53310,53160,53730,53520,54150,53880,54570,54240,54960,54600,55350,54960,55740,55320,55680,56130,56490,56040,56400,56850,57210,56760,57570,57120,57480,57930,57840,58290,57660,58650,58200,58980,58560,58740,59310,58920,59610,59280,59910,59640,60210,59820,60090,60690,60930,60540,61110,61290,61470,60990,61170,61830,61440,62010,60450,62340,61890,62520,62670,62340,63000,62520,63180,61650,62790,63510,63660,62190,63240,63840,64170,63690,64350,63870,62850,64530,64140,64770,63330,65010,64590,64770,65520,65040,63990,65820,65490,66120,66420,65940,65250,66390,67020,65670,67320,66840,67290,67920,66570,67740,68280,66720,68190,68670,69090,68640,67620,69540,69090,69990,69540,69990,70440,70890,70440,70890,71340,71790,71340,71790,72240,72240,72690,73140,72690,73590,73140,73590,74040,74040,74490,74610,75030,75630,75210,75810,76230,76830,76410,77430,77010,77610,78030,78210,78630,79230,78810,79830,79410,80430,80010,80610,81030,81630,81210,81810,82230,82410,82830,83430,83010,84030,83610,84210,84630,84810,85230,85410,85830,86430,86010,86610,87030,87210,87630,88230,87810
Chicago-Blue,2130,2280,3180,3030,4080,3930,4830,4980,5880,5730,6630,6780,7680,7530,9330,9480,11130,11280,12930,13080,13830,13980,14730,14880,15630,15780,16530,16680,17430,17580,18480,18330,19080,18930,19680,19530,20280,20130,20880,20730,21480,21330,22080,21930,22680,22530,23130,23280,23730,23880,24240,24360,24690,24840,25140,25290,25590,25740,25920,26190,26520,26220,26640,26820,27090,27120,27540,27420,27720,27990,28170,27960,26820,28380,28440,28560,28740,28890,29100,27720,28920,29340,29280,29610,29790,29460,29940,29790,30120,28620,30240,30450,30600,30690,30930,29520,31140,30780,31110,30270,31440,31590,31590,31920,30420,32040,31770,31260,32280,32460,32460,32700,32880,31320,32100,33180,33300,33480,33660,32220,32940,34020,34080,34380,34380,33120,34680,34740,33780,35100,35040,35460,35460,34200,35820,35910,36180,36360,36540,35280,36810,36990,37260,37440,37890,37710,38160,38340,38790,38610,39240,39060,39690,39510,40140,39960,40410,40590,41040,40860,41310,41490,41940,41760,42390,42210,42660,42840,43110,43290,43560,43740,44010,44190,44460,44640,44910,45090,45360,45540,45990,45810,46260,46440,46710,46890,47160,47340,47790,47610,48240,48060,48690,48510,49140,48960,49590,49410,50040,49860,50310,50490,50760,50940,51390,51210,51660,51840,52290,52110,52740,52560,52920,53160,53280,53580,53640,54000,54000,54420,54360,54810,54720,55200,55080,55590,55440,55800,55980,56340,56160,56520,56700,57060,56880,57420,57240,57600,57780,57960,58140,57780,58500,58320,58830,58680,58860,59160,59040,59460,59400,59760,59760,60060,59940,60210,60540,60780,60660,60960,61140,61320,61110,61290,61680,61560,61860,60300,62190,62010,62370,62520,62460,62850,62640,63030,61500,62910,63360,63510,62040,63360,63690,64020,63810,64200,63990,62700,64380,64260,64620,63180,64860,64710,64890,65370,65160,63840,65670,65610,65970,66270,66060,65100,66510,66870,65790,67170,66960,67410,67770,66690,67860,68130,66570,68310,68520,68940,68760,67470,69390,69210,69840,69660,70110,70290,70740,70560,71010,71190,71640,71460,71910,72090,72360,72540,72990,72810,73440,73260,73710,73890,74160,74340,74730,74880,75480,75330,75930,76080,76680,76530,77280,77130,77730,77880,78330,78480,79080,78930,79680,79530,80280,80130,80730,80880,81480,81330,81930,82080,82530,82680,83280,83130,83880,83730,84330,84480,84930,85080,85530,85680,86280,86130,86730,86880,87330,87480,88080,87930
Grand-Blue,2220,2220,3120,3120,4020,4020,4920,4920,5820,5820,6720,6720,7620,7620,9420,9420,11220,11220,13020,13020,13920,13920,14820,14820,15720,15720,16620,16620,17520,17520,18420,18420,19020,19020,19620,19620,20220,20220,20820,20820,21420,21420,22020,22020,22620,22620,23220,23220,23820,23820,24330,24300,24780,24780,25230,25230,25680,25680,26040,26130,26640,26340,26580,26940,27030,27240,27480,27540,27810,27930,28260,28050,26760,28470,28380,28650,28830,28830,29190,27660,29010,29280,29370,29700,29730,29550,30030,29880,30210,28560,30180,30540,30690,30630,31020,29460,31080,30870,31200,30360,31530,31530,31680,32010,30360,31980,31860,31350,32370,32400,32550,32790,32820,31260,32190,33270,33240,33570,33600,32160,33030,33960,34170,34320,34470,33060,34770,34680,33870,35040,35160,35400,35580,34140,35760,36030,36120,36480,36480,35220,36930,36930,37380,37380,37830,37830,38280,38280,38730,38730,39180,39180,39630,39630,40080,40080,40530,40530,40980,40980,41430,41430,41880,41880,42330,42330,42780,42780,43230,43230,43680,43680,44130,44130,44580,44580,45030,45030,45480,45480,45930,45930,46380,46380,46830,46830,47280,47280,47730,47730,48180,48180,48630,48630,49080,49080,49530,49530,49980,49980,50430,50430,50880,50880,51330,51330,51780,51780,52230,52230,52680,52680,53040,53100,53400,53520,53760,53940,54120,54360,54480,54750,54840,55140,55200,55530,55560,55920,55920,56280,56280,56640,56640,57000,57000,57360,57360,57720,57720,58080,58080,57900,58440,58440,58770,58800,58980,59070,59160,59370,59520,59670,59880,59970,60060,60330,60450,60690,60780,60870,61050,61230,61230,61410,61590,61680,61770,60210,62100,62130,62280,62430,62580,62760,62760,62940,61410,63030,63270,63420,61950,63480,63600,63930,63930,64110,64110,62610,64290,64380,64530,63090,64770,64830,65010,65310,65280,63750,65610,65730,65910,66210,66180,65010,66630,66810,65910,67110,67080,67530,67710,66810,67980,68070,66510,68430,68460,68880,68880,67410,69330,69330,69780,69780,70230,70230,70680,70680,71130,71130,71580,71580,72030,72030,72480,72480,72930,72930,73380,73380,73830,73830,74280,74280,74820,74820,75420,75420,76020,76020,76620,76620,77220,77220,77820,77820,78420,78420,79020,79020,79620,79620,80220,80220,80820,80820,81420,81420,82020,82020,82620,82620,83220,83220,83820,83820,84420,84420,85020,85020,85620,85620,86220,86220,86820,86820,87420,87420,88020,88020
Clark/Lake (Subway),2370,2070,2970,3270,3870,4170,5070,4770,5670,5970,6870,6570,7470,7770,9570,9270,11370,11070,13170,12870,14070,13770,14970,14670,15870,15570,16770,16470,17670,17370,18270,18570,18870,19170,19470,19770,20070,20370,20670,20970,21270,21570,21870,22170,22470,22770,23370,23070,23970,23670,24480,24150,24930,24630,25380,25080,25830,25530,26190,25980,26790,26490,26430,27090,26880,27390,27330,27690,27990,27780,28440,28230,26610,28650,28230,28830,29010,28680,29370,27510,29190,29130,29550,29880,29580,29730,30210,30060,30390,28410,30030,30720,30870,30480,31200,29310,30930,31050,31380,30540,31710,31380,31860,32190,30210,31830,32040,31530,32550,32250,32730,32970,32670,31110,32370,33450,33090,33750,33450,32010,33210,33810,34350,34170,34650,32910,34950,34530,34050,34890,35310,35250,35730,33990,35610,36180,35970,36630,36330,35070,37080,36780,37530,37230,37680,37980,38430,38130,38580,38880,39030,39330,39480,39780,39930,40230,40680,40380,40830,41130,41580,41280,41730,42030,42180,42480,42930,42630,43380,43080,43830,43530,44280,43980,44730,44430,45180,44880,45630,45330,45780,46080,46530,46230,46980,46680,47430,47130,47580,47880,48030,48330,48480,48780,48930,49230,49380,49680,49830,50130,50580,50280,51030,50730,51180,51480,51930,51630,52080,52380,52530,52830,53190,52950,53550,53370,53910,53790,54270,54210,54630,54600,54990,54990,55350,55380,55710,56070,55770,56130,56430,56790,56490,56850,57150,57210,57510,57870,57570,58230,57930,58050,58290,58590,58620,58950,59130,58920,59310,59220,59670,59520,60030,59820,60210,60480,60300,60540,60930,60720,60900,61080,61380,61560,61440,61830,61620,60060,61950,62280,62130,62280,62730,62610,62910,62790,61260,63180,63120,63270,61800,63630,63450,63780,64080,63960,64260,62460,64140,64530,64380,62940,64620,64980,65160,65160,65430,63600,65460,65880,65760,66060,66330,64860,66780,66660,66060,66960,67230,67680,67560,66960,68130,67920,66360,68580,68310,68730,69030,67260,69180,69480,69630,69930,70380,70080,70530,70830,71280,70980,71430,71730,72180,71880,72630,72330,72780,73080,73230,73530,73980,73680,74430,74130,74970,74670,75270,75570,76170,75870,76470,76770,77070,77370,77970,77670,78570,78270,78870,79170,79470,79770,80070,80370,80970,80670,81270,81570,82170,81870,82770,82470,83070,83370,83670,83970,84570,84270,85170,84870,85770,85470,86070,86370,86970,86670,87570,87270,87870,88170
Washington-Blue,2460,1980,2880,3360,3780,4260,5160,4680,5580,6060,6960,6480,7380,7860,9660,9180,11460,10980,13260,12780,14160,13680,15060,14580,15960,15480,16860,16380,17760,17280,18180,18660,18780,19260,19380,19860,19980,20460,20580,21060,21180,21660,21780,22260,22380,22860,23460,22980,24060,23580,24570,24060,25020,24510,25470,24960,25920,25410,26280,25860,26880,26580,26310,27180,26760,27480,27210,27780,28080,27660,28530,28320,26490,28740,28110,28920,29100,28560,29460,27390,29280,29010,29640,29970,29460,29820,30300,30150,30480,28290,29910,30810,30960,30360,31290,29190,30810,31140,31470,30630,31800,31260,31950,32280,30090,31710,32130,31620,32640,32130,32820,33060,32550,30990,32460,33540,32970,33840,33330,31890,33300,33690,34440,34050,34740,32790,35040,34410,34140,34770,35400,35130,35820,33870,35490,36270,35850,36720,36210,34950,37170,36660,37620,37110,37560,38070,38520,38010,38460,38970,38910,39420,39360,39870,39810,40320,40770,40260,40710,41220,41670,41160,41610,42120,42060,42570,43020,42510,43470,42960,43920,43410,44370,43860,44820,44310,45270,44760,45720,45210,45660,46170,46620,46110,47070,46560,47520,47010,47460,47970,47910,48420,48360,48870,48810,49320,49260,49770,49710,50220,50670,50160,51120,50610,51060,51570,52020,51510,51960,52470,52410,52920,53280,52830,53640,53250,54000,53670,54360,54090,54720,54480,55080,54870,55440,55260,55800,56160,55650,56010,56520,56880,56370,56730,57240,57090,57600,57960,57450,58320,57810,58140,58170,58680,58500,59040,59220,58800,59400,59100,59760,59400,60120,59700,60300,60570,60180,60420,61020,60600,60780,60960,61470,61650,61320,61920,61500,59940,61830,62370,62010,62160,62820,62490,63000,62670,61140,63270,63000,63150,61680,63720,63330,63660,64170,63840,64350,62340,64020,64620,64260,62820,64500,65070,65250,65040,65520,63480,65340,65970,65640,65940,66420,64740,66870,66540,66150,66840,67320,67770,67440,67050,68220,67800,66240,68670,68190,68610,69120,67140,69060,69570,69510,70020,70470,69960,70410,70920,71370,70860,71310,71820,72270,71760,72720,72210,72660,73170,73110,73620,74070,73560,74520,74010,75060,74580,75180,75660,76260,75780,76380,76860,76980,77460,78060,77580,78660,78180,78780,79260,79380,79860,79980,80460,81060,80580,81180,81660,82260,81780,82860,82380,82980,83460,83580,84060,84660,84180,85260,84780,85860,85380,85980,86460,87060,86580,87660,87180,87780,88260
Monroe-Blue,2520,1920,2820,3420,3720,4320,5220,4620,5520,6120,7020,6420,7320,7920,9720,9120,11520,10920,13320,12720,14220,13620,15120,14520,16020,15420,16920,16320,17820,17220,18120,18720,18720,19320,19320,19920,19920,20520,20520,21120,21120,21720,21720,22320,22320,22920,23520,22920,24120,23520,24630,24000,25080,24480,25530,24930,25980,25380,26340,25830,26940,26640,26280,27240,26730,27540,27180,27840,28140,27630,28590,28380,26460,28800,28080,28980,29160,28530,29520,27360,29340,28980,29700,30030,29430,29880,30360,30210,30540,28260,29880,30870,31020,30330,31350,29160,30780,31200,31530,30690,31860,31230,32010,32340,30060,31680,32190,31680,32700,32100,32880,33120,32520,30960,32520,33600,32940,33900,33300,31860,33360,33660,34500,34020,34800,32760,35100,34380,34200,34740,35460,35100,35880,33840,35460,36330,35820,36780,36180,34920,37230,36630,37680,37080,37530,38130,38580,37980,38430,39030,38880,39480,39330,39930,39780,40380,40830,40230,40680,41280,41730,41130,41580,42180,42030,42630,43080,42480,43530,42930,43980,43380,44430,43830,44880,44280,45330,44730,45780,45180,45630,46230,46680,46080,47130,46530,47580,46980,47430,48030,47880,48480,48330,48930,48780,49380,49230,49830,49680,50280,50730,50130,51180,50580,51030,51630,52080,51480,51930,52530,52380,52980,53340,52800,53700,53220,54060,53640,54420,54060,54780,54450,55140,54840,55500,55230,55860,56220,55620,55980,56580,56940,56340,56700,57300,57060,57660,58020,57420,58380,57780,58200,58140,58740,58440,59100,59280,58740,59460,59040,59820,59340,60180,59640,60360,60630,60120,60360,61080,60540,60720,60900,61530,61710,61260,61980,61440,59880,61770,62430,61950,62100,62880,62430,63060,62610,61080,63330,62940,63090,61620,63780,63270,63600,64230,63780,64410,62280,63960,64680,64200,62760,64440,65130,65310,64980,65580,63420,65280,66030,65580,65880,66480,64680,66930,66480,66210,66780,67380,67830,67380,67110,68280,67740,66180,68730,68160,68580,69180,67080,69030,69630,69480,70080,70530,69930,70380,70980,71430,70830,71280,71880,72330,71730,72780,72180,72630,73230,73080,73680,74130,73530,74580,73980,75120,74520,75120,75720,76320,75720,76320,76920,76920,77520,78120,77520,78720,78120,78720,79320,79320,79920,79920,80520,81120,80520,81120,81720,82320,81720,82920,82320,82920,83520,83520,84120,84720,84120,85320,84720,85920,85320,85920,86520,87120,86520,87720,87120,87720,88320
Jackson-Blue,2580,1860,2760,3480,3660,4380,5280,4560,5460,6180,7080,6360,7260,7980,9780,9060,11580,10860,13380,12660,14280,13560,15180,14460,16080,15360,16980,16260,17880,17160,18060,18780,18660,19380,19260,19980,19860,20580,20460,21180,21060,21780,21660,22380,22260,22980,23580,22860,24180,23460,24690,23940,25140,24420,25590,24870,26040,25320,26400,25770,27000,26700,26220,27300,26670,27600,27120,27900,28200,27570,28650,28440,26400,28860,28020,29040,29220,28470,29580,27300,29400,28920,29760,30090,29370,29940,30420,30270,30600,28200,29820,30930,31080,30270,31410,29100,30720,31260,31590,30750,31920,31170,32070,32400,30000,31620,32250,31740,32760,32040,32940,33180,32460,30900,32580,33660,32880,33960,33240,31800,33420,33600,34560,33960,34860,32700,35160,34320,34260,34680,35520,35040,35940,33780,35400,36390,35760,36840,36120,34860,37290,36570,37740,37020,37470,38190,38640,37920,38370,39090,38820,39540,39270,39990,39720,40440,40890,40170,40620,41340,41790,41070,41520,42240,41970,42690,43140,42420,43590,42870,44040,43320,44490,43770,44940,44220,45390,44670,45840,45120,45570,46290,46740,46020,47190,46470,47640,46920,47370,48090,47820,48540,48270,48990,48720,49440,49170,49890,49620,50340,50790,50070,51240,50520,50970,51690,52140,51420,51870,52590,52320,53040,53400,52740,53760,53160,54120,53580,54480,54000,54840,54390,55200,54780,55560,55170,55920,56280,55560,55920,56640,57000,56280,56640,57360,57000,57720,58080,57360,58440,57720,58260,58080,58800,58380,59160,59340,58680,59520,58980,59880,59280,60240,59580,60420,60690,60060,60300,61140,60480,60660,60840,61590,61770,61200,62040,61380,59820,61710,62490,61890,62040,62940,62370,63120,62550,61020,63390,62880,63030,61560,63840,63210,63540,64290,63720,64470,62220,63900,64740,64140,62700,64380,65190,65370,64920,65640,63360,65220,66090,65520,65820,66540,64620,66990,66420,66270,66720,67440,67890,67320,67170,68340,67680,66120,68790,68100,68520,69240,67020,68970,69690,69420,70140,70590,69870,70320,71040,71490,70770,71220,71940,72390,71670,72840,72120,72570,73290,73020,73740,74190,73470,74640,73920,75180,74460,75060,75780,76380,75660,76260,76980,76860,77580,78180,77460,78780,78060,78660,79380,79260,79980,79860,80580,81180,80460,81060,81780,82380,81660,82980,82260,82860,83580,83460,84180,84780,84060,85380,84660,85980,85260,85860,86580,87180,86460,87780,87060,87660,88380
LaSalle,2670,1770,2670,3570,3570,4470,5370,4470,5370,6270,7170,6270,7170,8070,9870,8970,11670,10770,13470,12570,14370,13470,15270,14370,16170,15270,17070,16170,17970,17070,17970,18870,18570,19470,19170,20070,19770,20670,20370,21270,20970,21870,21570,22470,22170,23070,23670,22770,24270,23370,24780,23850,25230,24300,25680,24750,26130,25200,26490,25650,27090,26790,26100,27390,26550,27690,27000,27990,28290,27450,28740,28530,26280,28950,27900,29130,29310,28350,29670,27180,29490,28800,29850,30180,29250,30030,30510,30360,30690,28080,29700,31020,31170,30150,31500,28980,30600,31350,31680,30840,32010,31050,32160,32490,29880,31500,32340,31830,32850,31920,33030,33270,32340,30780,32670,33750,32760,34050,33120,31680,33510,33480,34650,33840,34950,32580,35250,34200,34350,34560,35610,34920,36030,33660,35280,36480,35640,36930,36000,34740,37380,36450,37830,36900,37350,38280,38730,37800,38250,39180,38700,39630,39150,40080,39600,40530,40980,40050,40500,41430,41880,40950,41400,42330,41850,42780,43230,42300,43680,42750,44130,43200,44580,43650,45030,44100,45480,44550,45930,45000,45450,46380,46830,45900,47280,46350,47730,46800,47250,48180,47700,48630,48150,49080,48600,49530,49050,49980,49500,50430,50880,49950,51330,50400,50850,51780,52230,51300,51750,52680,52200,53130,53490,52620,53850,53040,54210,53460,54570,53880,54930,54270,55290,54660,55650,55050,56010,56370,55440,55800,56730,57090,56160,56520,57450,56880,57810,58170,57240,58530,57600,58350,57960,58890,58260,59250,59430,58560,59610,58860,59970,59160,60330,59460,60510,60780,59940,60180,61230,60360,60540,60720,61680,61860,61080,62130,61260,59700,61590,62580,61770,61920,63030,62250,63210,62430,60900,63480,62760,62910,61440,63930,63090,63420,64380,63600,64560,62100,63780,64830,64020,62580,64260,65280,65460,64800,65730,63240,65100,66180,65400,65700,66630,64500,67080,66300,66360,66600,67530,67980,67200,67260,68430,67560,66000,68880,67980,68400,69330,66900,68850,69780,69300,70230,70680,69750,70200,71130,71580,70650,71100,72030,72480,71550,72930,72000,72450,73380,72900,73830,74280,73350,74730,73800,75270,74370,74970,75870,76470,75570,76170,77070,76770,77670,78270,77370,78870,77970,78570,79470,79170,80070,79770,80670,81270,80370,80970,81870,82470,81570,83070,82170,82770,83670,83370,84270,84870,83970,85470,84570,86070,85170,85770,86670,87270,86370,87870,86970,87570,88470
Clinton-Blue,2730,1680,2580,3630,3480,4530,5430,4380,5280,6330,7230,6180,7080,8130,9930,8880,11730,10680,13530,12480,14430,13380,15330,14280,16230,15180,17130,16080,18030,16980,17880,18930,18480,19530,19080,20130,19680,20730,20280,21330,20880,21930,21480,22530,22080,23130,23730,22680,24330,23280,24840,23730,25290,24180,25740,24630,26190,25080,26550,25530,27150,26850,25980,27450,26430,27750,26880,28050,28350,27330,28800,28590,26160,29010,27780,29190,29370,28230,29730,27060,29550,28680,29910,30240,29130,30090,30570,30420,30750,27960,29580,31080,31230,30030,31560,28860,30480,31410,31740,30900,32070,30930,32220,32550,29760,31380,32400,31890,32910,31800,33090,33330,32220,30660,32730,33810,32640,34110,33000,31560,33570,33360,34710,33720,35010,32460,35310,34080,34410,34440,35670,34800,36090,33540,35160,36540,35520,36990,35880,34620,37440,36330,37890,36780,37230,38340,38790,37680,38130,39240,38580,39690,39030,40140,39480,40590,41040,39930,40380,41490,41940,40830,41280,42390,41730,42840,43290,42180,43740,42630,44190,43080,44640,43530,45090,43980,45540,44430,45990,44880,45330,46440,46890,45780,47340,46230,47790,46680,47130,48240,47580,48690,48030,49140,48480,49590,48930,50040,49380,50490,50940,49830,51390,50280,50730,51840,52290,51180,51630,52740,52080,53190,53550,52500,53910,52920,54270,53340,54630,53760,54990,54150,55350,54540,55710,54930,56070,56430,55320,55680,56790,57150,56040,56400,57510,56760,57870,58230,57120,58590,57480,58410,57840,58950,58140,59310,59490,58440,59670,58740,60030,59040,60390,59340,60570,60840,59820,60060,61290,60240,60420,60600,61740,61920,60960,62190,61140,59580,61470,62640,61650,61800,63090,62130,63270,62310,60780,63540,62640,62790,61320,63990,62970,63300,64440,63480,64620,61980,63660,64890,63900,62460,64140,65340,65520,64680,65790,63120,64980,66240,65280,65580,66690,64380,67140,66180,66420,66480,67590,68040,67080,67320,68490,67440,65880,68940,67860,68280,69390,66780,68730,69840,69180,70290,70740,69630,70080,71190,71640,70530,70980,72090,72540,71430,72990,71880,72330,73440,72780,73890,74340,73230,74790,73680,75330,74280,74880,75930,76530,75480,76080,77130,76680,77730,78330,77280,78930,77880,78480,79530,79080,80130,79680,80730,81330,80280,80880,81930,82530,81480,83130,82080,82680,83730,83280,84330,84930,83880,85530,84480,86130,85080,85680,86730,87330,86280,87930,86880,87480,88530
UIC-Halsted,2850,1590,2490,3750,3390,4650,5550,4290,5190,6450,7350,6090,6990,8250,10050,8790,11850,10590,13650,12390,14550,13290,15450,14190,16350,15090,17250,15990,18150,16890,17790,19050,18390,19650,18990,20250,19590,20850,20190,21450,20790,22050,21390,22650,21990,23250,23850,22590,24450,23190,24960,23640,25410,24090,25860,24540,26310,24990,26670,25440,27270,26970,25890,27570,26340,27870,26790,28170,28470,27240,28920,28710,26070,29130,27690,29310,29490,28140,29850,26970,29670,28590,30030,30360,29040,30210,30690,30540,30870,27870,29490,31200,31350,29940,31680,28770,30390,31530,31860,31020,32190,30840,32340,32670,29670,31290,32520,32010,33030,31710,33210,33450,32130,30570,32850,33930,32550,34230,32910,31470,33690,33270,34830,33630,35130,32370,35430,33990,34530,34350,35790,34710,36210,33450,35070,36660,35430,37110,35790,34530,37560,36240,38010,36690,37140,38460,38910,37590,38040,39360,38490,39810,38940,40260,39390,40710,41160,39840,40290,41610,42060,40740,41190,42510,41640,42960,43410,42090,43860,42540,44310,42990,44760,43440,45210,43890,45660,44340,46110,44790,45240,46560,47010,45690,47460,46140,47910,46590,47040,48360,47490,48810,47940,49260,48390,49710,48840,50160,49290,50610,51060,49740,51510,50190,50640,51960,52410,51090,51540,52860,51990,53310,53670,52410,54030,52830,54390,53250,54750,53670,55110,54060,55470,54450,55830,54840,56190,56550,55230,55590,56910,57270,55950,56310,57630,56670,57990,58350,57030,58710,57390,58530,57750,59070,58050,59430,59610,58350,59790,58650,60150,58950,60510,59250,60690,60960,59730,59970,61410,60150,60330,60510,61860,62040,60870,62310,61050,59490,61380,62760,61560,61710,63210,62040,63390,62220,60690,63660,62550,62700,61230,64110,62880,63210,64560,63390,64740,61890,63570,65010,63810,62370,64050,65460,65640,64590,65910,63030,64890,66360,65190,65490,66810,64290,67260,66090,66540,66390,67710,68160,66990,67440,68610,67350,65790,69060,67770,68190,69510,66690,68640,69960,69090,70410,70860,69540,69990,71310,71760,70440,70890,72210,72660,71340,73110,71790,72240,73560,72690,74010,74460,73140,74910,73590,75450,74190,74790,76050,76650,75390,75990,77250,76590,77850,78450,77190,79050,77790,78390,79650,78990,80250,79590,80850,81450,80190,80790,82050,82650,81390,83250,81990,82590,83850,83190,84450,85050,83790,85650,84390,86250,84990,85590,86850,87450,86190,88050,86790,87390,88650
Racine,2970,1500,2400,3870,3300,4770,5670,4200,5100,6570,7470,6000,6900,8370,10170,8700,11970,10500,13770,12300,14670,13200,15570,14100,16470,15000,17370,15900,18270,16800,17700,19170,18300,19770,18900,20370,19500,20970,20100,21570,20700,22170,21300,22770,21900,23370,23970,22500,24570,23100,25080,23550,25530,24000,25980,24450,26430,24900,26790,25350,27390,NA,25800,27690,26250,NA,26700,28290,28590,27150,29040,NA,25980,29250,27600,29430,29610,28050,29970,26880,NA,28500,30150,30480,28950,30330,30810,NA,30990,NA,29400,31320,31470,29850,31800,NA,30300,NA,31980,31140,32310,30750,32460,32790,NA,31200,NA,32130,33150,31620,33330,NA,32040,NA,32970,34050,32460,34350,32820,NA,33810,33180,34950,33540,35250,NA,35550,33900,34650,34260,35910,34620,36330,NA,34980,36780,35340,37230,35700,NA,37680,36150,38130,36600,37050,38580,39030,37500,37950,39480,38400,39930,38850,40380,39300,40830,41280,39750,40200,41730,42180,40650,41100,42630,41550,43080,43530,42000,43980,42450,44430,42900,44880,43350,45330,43800,45780,44250,46230,44700,45150,46680,47130,45600,47580,46050,48030,46500,46950,48480,47400,48930,47850,49380,48300,49830,48750,50280,49200,50730,51180,49650,51630,50100,50550,52080,52530,51000,51450,52980,51900,53430,53790,52320,54150,52740,54510,53160,54870,53580,55230,53970,55590,54360,55950,54750,56310,56670,55140,55500,57030,57390,55860,56220,57750,56580,58110,58470,56940,58830,57300,NA,57660,59190,57960,59550,NA,58260,59910,58560,60270,58860,60630,59160,NA,61080,59640,59880,61530,60060,60240,60420,61980,NA,60780,62430,60960,NA,61290,62880,61470,61620,63330,61950,NA,62130,NA,63780,62460,62610,61140,64230,62790,63120,64680,63300,NA,NA,63480,65130,63720,62280,63960,65580,NA,64500,66030,NA,64800,66480,65100,65400,66930,NA,67380,66000,66660,66300,67830,68280,66900,67560,68730,67260,NA,69180,67680,68100,69630,NA,68550,70080,69000,70530,70980,69450,69900,71430,71880,70350,70800,72330,72780,71250,73230,71700,72150,73680,72600,74130,74580,73050,75030,73500,75570,74100,74700,76170,76770,75300,75900,77370,76500,77970,78570,77100,79170,77700,78300,79770,78900,80370,79500,80970,81570,80100,80700,82170,82770,81300,83370,81900,82500,83970,83100,84570,85170,83700,85770,84300,86370,84900,85500,86970,87570,86100,88170,86700,87300,88770
Illinois Medical District,3090,1350,2250,3990,3150,4890,5790,4050,4950,6690,7590,5850,6750,8490,10290,8550,12090,10350,13890,12150,14790,13050,15690,13950,16590,14850,17490,15750,18390,16650,17550,19290,18150,19890,18750,20490,19350,21090,19950,21690,20550,22290,21150,22890,21750,23490,24090,22350,24690,22950,25200,23400,25650,23850,26100,24300,26550,24750,26910,25200,27510,NA,25650,27810,26100,NA,26550,28410,28710,27000,29160,NA,NA,29370,27450,29550,29730,27900,30090,NA,NA,28350,30270,30600,28800,30450,30930,NA,31110,NA,29250,31440,31590,29700,31920,NA,30150,NA,32100,NA,32430,30600,32580,32910,NA,31050,NA,NA,33270,31470,33450,NA,31890,NA,33090,34170,32310,34470,32670,NA,33930,33030,35070,33390,35370,NA,35670,33750,34770,34110,36030,34470,36450,NA,34830,36900,35190,37350,35550,NA,37800,36000,38250,36450,36900,38700,39150,37350,37800,39600,38250,40050,38700,40500,39150,40950,41400,39600,40050,41850,42300,40500,40950,42750,41400,43200,43650,41850,44100,42300,44550,42750,45000,43200,45450,43650,45900,44100,46350,44550,45000,46800,47250,45450,47700,45900,48150,46350,46800,48600,47250,49050,47700,49500,48150,49950,48600,50400,49050,50850,51300,49500,51750,49950,50400,52200,52650,50850,51300,53100,51750,53550,53910,52170,54270,52590,54630,53010,54990,53430,55350,53820,55710,54210,56070,54600,56430,56790,54990,55350,57150,57510,55710,56070,57870,56430,58230,58590,56790,58950,57150,NA,57510,59310,57810,59670,NA,58110,60030,58410,60390,58710,60750,59010,NA,61200,59490,59730,61650,59910,60090,60270,62100,NA,60630,62550,60810,NA,61140,63000,61320,61470,63450,61800,NA,61980,NA,63900,62310,62460,NA,64350,62640,62970,64800,63150,NA,NA,63330,65250,63570,NA,63810,65700,NA,64350,66150,NA,64650,66600,64950,65250,67050,NA,67500,65850,NA,66150,67950,68400,66750,NA,68850,67110,NA,69300,67530,67950,69750,NA,68400,70200,68850,70650,71100,69300,69750,71550,72000,70200,70650,72450,72900,71100,73350,71550,72000,73800,72450,74250,74700,72900,75150,73350,75690,73950,74550,76290,76890,75150,75750,77490,76350,78090,78690,76950,79290,77550,78150,79890,78750,80490,79350,81090,81690,79950,80550,82290,82890,81150,83490,81750,82350,84090,82950,84690,85290,83550,85890,84150,86490,84750,85350,87090,87690,85950,88290,86550,87150,88890
Western-Forest Park,3240,1200,2100,4140,3000,5040,5940,3900,4800,6840,7740,5700,6600,8640,10440,8400,12240,10200,14040,12000,14940,12900,15840,13800,16740,14700,17640,15600,18540,16500,17400,19440,18000,20040,18600,20640,19200,21240,19800,21840,20400,22440,21000,23040,21600,23640,24240,22200,24840,22800,25350,23250,25800,23700,26250,24150,26700,24600,27060,25050,27660,NA,25500,27960,25950,NA,26400,28560,28860,26850,29310,NA,NA,29520,27300,29700,29880,27750,30240,NA,NA,28200,30420,30750,28650,30600,31080,NA,31260,NA,29100,31590,31740,29550,32070,NA,30000,NA,32250,NA,32580,30450,32730,33060,NA,30900,NA,NA,33420,31320,33600,NA,31740,NA,33240,34320,32160,34620,32520,NA,34080,32880,35220,33240,35520,NA,35820,33600,34920,33960,36180,34320,36600,NA,34680,37050,35040,37500,35400,NA,37950,35850,38400,36300,36750,38850,39300,37200,37650,39750,38100,40200,38550,40650,39000,41100,41550,39450,39900,42000,42450,40350,40800,42900,41250,43350,43800,41700,44250,42150,44700,42600,45150,43050,45600,43500,46050,43950,46500,44400,44850,46950,47400,45300,47850,45750,48300,46200,46650,48750,47100,49200,47550,49650,48000,50100,48450,50550,48900,51000,51450,49350,51900,49800,50250,52350,52800,50700,51150,53250,51600,53700,54060,52020,54420,52440,54780,52860,55140,53280,55500,53670,55860,54060,56220,54450,56580,56940,54840,55200,57300,57660,55560,55920,58020,56280,58380,58740,56640,59100,57000,NA,57360,59460,57660,59820,NA,57960,60180,58260,60540,58560,60900,58860,NA,61350,59340,59580,61800,59760,59940,60120,62250,NA,60480,62700,60660,NA,60990,63150,61170,61320,63600,61650,NA,61830,NA,64050,62160,62310,NA,64500,62490,62820,64950,63000,NA,NA,63180,65400,63420,NA,63660,65850,NA,64200,66300,NA,64500,66750,64800,65100,67200,NA,67650,65700,NA,66000,68100,68550,66600,NA,69000,66960,NA,69450,67380,67800,69900,NA,68250,70350,68700,70800,71250,69150,69600,71700,72150,70050,70500,72600,73050,70950,73500,71400,71850,73950,72300,74400,74850,72750,75300,73200,75840,73800,74400,76440,77040,75000,75600,77640,76200,78240,78840,76800,79440,77400,78000,80040,78600,80640,79200,81240,81840,79800,80400,82440,83040,81000,83640,81600,82200,84240,82800,84840,85440,83400,86040,84000,86640,84600,85200,87240,87840,85800,88440,86400,87000,89040
Kedzie-Homan,3450,960,1860,4350,2760,5250,6150,3660,4560,7050,7950,5460,6360,8850,10650,8160,12450,9960,14250,11760,15150,12660,16050,13560,16950,14460,17850,15360,18750,16260,17160,19650,17760,20250,18360,20850,18960,21450,19560,22050,20160,22650,20760,23250,21360,23850,24450,21960,25050,22560,25560,23010,26010,23460,26460,23910,26910,24360,27270,24810,27870,NA,25260,28170,25710,NA,26160,28770,29070,26610,29520,NA,NA,29730,27060,29910,30090,27510,30450,NA,NA,27960,30630,30960,28410,30810,31290,NA,31470,NA,28860,31800,31950,29310,32280,NA,29760,NA,32460,NA,32790,30210,32940,33270,NA,30660,NA,NA,33630,31080,33810,NA,31500,NA,33450,34530,31920,34830,32280,NA,34290,32640,35430,33000,35730,NA,36030,33360,35130,33720,36390,34080,36810,NA,34440,37260,34800,37710,35160,NA,38160,35610,38610,36060,36510,39060,39510,36960,37410,39960,37860,40410,38310,40860,38760,41310,41760,39210,39660,42210,42660,40110,40560,43110,41010,43560,44010,41460,44460,41910,44910,42360,45360,42810,45810,43260,46260,43710,46710,44160,44610,47160,47610,45060,48060,45510,48510,45960,46410,48960,46860,49410,47310,49860,47760,50310,48210,50760,48660,51210,51660,49110,52110,49560,50010,52560,53010,50460,50910,53460,51360,53910,54270,51780,54630,52200,54990,52620,55350,53040,55710,53430,56070,53820,56430,54210,56790,57150,54600,54960,57510,57870,55320,55680,58230,56040,58590,58950,56400,59310,56760,NA,57120,59670,57420,60030,NA,57720,60390,58020,60750,58320,61110,58620,NA,61560,59100,59340,62010,59520,59700,59880,62460,NA,60240,62910,60420,NA,60750,63360,60930,61080,63810,61410,NA,61590,NA,64260,61920,62070,NA,64710,62250,62580,65160,62760,NA,NA,62940,65610,63180,NA,63420,66060,NA,63960,66510,NA,64260,66960,64560,64860,67410,NA,67860,65460,NA,65760,68310,68760,66360,NA,69210,66720,NA,69660,67140,67560,70110,NA,68010,70560,68460,71010,71460,68910,69360,71910,72360,69810,70260,72810,73260,70710,73710,71160,71610,74160,72060,74610,75060,72510,75510,72960,76050,73560,74160,76650,77250,74760,75360,77850,75960,78450,79050,76560,79650,77160,77760,80250,78360,80850,78960,81450,82050,79560,80160,82650,83250,80760,83850,81360,81960,84450,82560,85050,85650,83160,86250,83760,86850,84360,84960,87450,88050,85560,88650,86160,86760,89250
Pulaski-Forest Park,3600,810,1710,4500,2610,5400,6300,3510,4410,7200,8100,5310,6210,9000,10800,8010,12600,9810,14400,11610,15300,12510,16200,13410,17100,14310,18000,15210,18900,16110,17010,19800,17610,20400,18210,21000,18810,21600,19410,22200,20010,22800,20610,23400,21210,24000,24600,21810,25200,22410,25710,22860,26160,23310,26610,23760,27060,24210,27420,24660,28020,NA,25110,28320,25560,NA,26010,28920,29220,26460,29670,NA,NA,29880,26910,30060,30240,27360,30600,NA,NA,27810,30780,31110,28260,30960,31440,NA,31620,NA,28710,31950,32100,29160,32430,NA,29610,NA,32610,NA,32940,30060,33090,33420,NA,30510,NA,NA,33780,30930,33960,NA,31350,NA,33600,34680,31770,34980,32130,NA,34440,32490,35580,32850,35880,NA,36180,33210,35280,33570,36540,33930,36960,NA,34290,37410,34650,37860,35010,NA,38310,35460,38760,35910,36360,39210,39660,36810,37260,40110,37710,40560,38160,41010,38610,41460,41910,39060,39510,42360,42810,39960,40410,43260,40860,43710,44160,41310,44610,41760,45060,42210,45510,42660,45960,43110,46410,43560,46860,44010,44460,47310,47760,44910,48210,45360,48660,45810,46260,49110,46710,49560,47160,50010,47610,50460,48060,50910,48510,51360,51810,48960,52260,49410,49860,52710,53160,50310,50760,53610,51210,54060,54420,51630,54780,52050,55140,52470,55500,52890,55860,53280,56220,53670,56580,54060,56940,57300,54450,54810,57660,58020,55170,55530,58380,55890,58740,59100,56250,59460,56610,NA,56970,59820,57270,60180,NA,57570,60540,57870,60900,58170,61260,58470,NA,61710,58950,59190,62160,59370,59550,59730,62610,NA,60090,63060,60270,NA,60600,63510,60780,60930,63960,61260,NA,61440,NA,64410,61770,61920,NA,64860,62100,62430,65310,62610,NA,NA,62790,65760,63030,NA,63270,66210,NA,63810,66660,NA,64110,67110,64410,64710,67560,NA,68010,65310,NA,65610,68460,68910,66210,NA,69360,66570,NA,69810,66990,67410,70260,NA,67860,70710,68310,71160,71610,68760,69210,72060,72510,69660,70110,72960,73410,70560,73860,71010,71460,74310,71910,74760,75210,72360,75660,72810,76200,73410,74010,76800,77400,74610,75210,78000,75810,78600,79200,76410,79800,77010,77610,80400,78210,81000,78810,81600,82200,79410,80010,82800,83400,80610,84000,81210,81810,84600,82410,85200,85800,83010,86400,83610,87000,84210,84810,87600,88200,85410,88800,86010,86610,89400
Cicero-Forest Park,3750,660,1560,4650,2460,5550,6450,3360,4260,7350,8250,5160,6060,9150,10950,7860,12750,9660,14550,11460,15450,12360,16350,13260,17250,14160,18150,15060,19050,15960,16860,19950,17460,20550,18060,21150,18660,21750,19260,22350,19860,22950,20460,23550,21060,24150,24750,21660,25350,22260,25860,22710,26310,23160,26760,23610,27210,24060,27570,24510,28170,NA,24960,28470,25410,NA,25860,29070,29370,26310,29820,NA,NA,30030,26760,30210,30390,27210,30750,NA,NA,27660,30930,31260,28110,31110,31590,NA,31770,NA,28560,32100,32250,29010,32580,NA,29460,NA,32760,NA,33090,29910,33240,33570,NA,30360,NA,NA,33930,30780,34110,NA,31200,NA,33750,34830,31620,35130,31980,NA,34590,32340,35730,32700,36030,NA,36330,33060,35430,33420,36690,33780,37110,NA,34140,37560,34500,38010,34860,NA,38460,35310,38910,35760,36210,39360,39810,36660,37110,40260,37560,40710,38010,41160,38460,41610,42060,38910,39360,42510,42960,39810,40260,43410,40710,43860,44310,41160,44760,41610,45210,42060,45660,42510,46110,42960,46560,43410,47010,43860,44310,47460,47910,44760,48360,45210,48810,45660,46110,49260,46560,49710,47010,50160,47460,50610,47910,51060,48360,51510,51960,48810,52410,49260,49710,52860,53310,50160,50610,53760,51060,54210,54570,51480,54930,51900,55290,52320,55650,52740,56010,53130,56370,53520,56730,53910,57090,57450,54300,54660,57810,58170,55020,55380,58530,55740,58890,59250,56100,59610,56460,NA,56820,59970,57120,60330,NA,57420,60690,57720,61050,58020,61410,58320,NA,61860,58800,59040,62310,59220,59400,59580,62760,NA,59940,63210,60120,NA,60450,63660,60630,60780,64110,61110,NA,61290,NA,64560,61620,61770,NA,65010,61950,62280,65460,62460,NA,NA,62640,65910,62880,NA,63120,66360,NA,63660,66810,NA,63960,67260,64260,64560,67710,NA,68160,65160,NA,65460,68610,69060,66060,NA,69510,66420,NA,69960,66840,67260,70410,NA,67710,70860,68160,71310,71760,68610,69060,72210,72660,69510,69960,73110,73560,70410,74010,70860,71310,74460,71760,74910,75360,72210,75810,72660,76350,73260,73860,76950,77550,74460,75060,78150,75660,78750,79350,76260,79950,76860,77460,80550,78060,81150,78660,81750,82350,79260,79860,82950,83550,80460,84150,81060,81660,84750,82260,85350,85950,82860,86550,83460,87150,84060,84660,87750,88350,85260,88950,85860,86460,89550
Austin-Blue,3990,420,1320,4890,2220,5790,6690,3120,4020,7590,8490,4920,5820,9390,11190,7620,12990,9420,14790,11220,15690,12120,16590,13020,17490,13920,18390,14820,19290,15720,16620,20190,17220,20790,17820,21390,18420,21990,19020,22590,19620,23190,20220,23790,20820,24390,24990,21420,25590,22020,26100,22470,26550,22920,27000,23370,27450,23820,27810,24270,28410,NA,24720,28710,25170,NA,25620,29310,29610,26070,30060,NA,NA,30270,26520,30450,30630,26970,30990,NA,NA,27420,31170,31500,27870,31350,31830,NA,32010,NA,28320,32340,32490,28770,32820,NA,29220,NA,33000,NA,33330,29670,33480,33810,NA,30120,NA,NA,34170,30540,34350,NA,30960,NA,33990,35070,31380,35370,31740,NA,34830,32100,35970,32460,36270,NA,36570,32820,35670,33180,36930,33540,37350,NA,33900,37800,34260,38250,34620,NA,38700,35070,39150,35520,35970,39600,40050,36420,36870,40500,37320,40950,37770,41400,38220,41850,42300,38670,39120,42750,43200,39570,40020,43650,40470,44100,44550,40920,45000,41370,45450,41820,45900,42270,46350,42720,46800,43170,47250,43620,44070,47700,48150,44520,48600,44970,49050,45420,45870,49500,46320,49950,46770,50400,47220,50850,47670,51300,48120,51750,52200,48570,52650,49020,49470,53100,53550,49920,50370,54000,50820,54450,54810,51240,55170,51660,55530,52080,55890,52500,56250,52890,56610,53280,56970,53670,57330,57690,54060,54420,58050,58410,54780,55140,58770,55500,59130,59490,55860,59850,56220,NA,56580,60210,56880,60570,NA,57180,60930,57480,61290,57780,61650,58080,NA,62100,58560,58800,62550,58980,59160,59340,63000,NA,59700,63450,59880,NA,60210,63900,60390,60540,64350,60870,NA,61050,NA,64800,61380,61530,NA,65250,61710,62040,65700,62220,NA,NA,62400,66150,62640,NA,62880,66600,NA,63420,67050,NA,63720,67500,64020,64320,67950,NA,68400,64920,NA,65220,68850,69300,65820,NA,69750,66180,NA,70200,66600,67020,70650,NA,67470,71100,67920,71550,72000,68370,68820,72450,72900,69270,69720,73350,73800,70170,74250,70620,71070,74700,71520,75150,75600,71970,76050,72420,76590,73020,73620,77190,77790,74220,74820,78390,75420,78990,79590,76020,80190,76620,77220,80790,77820,81390,78420,81990,82590,79020,79620,83190,83790,80220,84390,80820,81420,84990,82020,85590,86190,82620,86790,83220,87390,83820,84420,87990,88590,85020,89190,85620,86220,89790
Oak Park-Blue,4110,270,1170,5010,2070,5910,6810,2970,3870,7710,8610,4770,5670,9510,11310,7470,13110,9270,14910,11070,15810,11970,16710,12870,17610,13770,18510,14670,19410,15570,16470,20310,17070,20910,17670,21510,18270,22110,18870,22710,19470,23310,20070,23910,20670,24510,25110,21270,25710,21870,26220,22320,26670,22770,27120,23220,27570,23670,27930,24120,28530,NA,24570,28830,25020,NA,25470,29430,29730,25920,30180,NA,NA,30390,26370,30570,30750,26820,31110,NA,NA,27270,31290,31620,27720,31470,31950,NA,32130,NA,28170,32460,32610,28620,32940,NA,29070,NA,33120,NA,33450,29520,33600,33930,NA,29970,NA,NA,34290,30390,34470,NA,30810,NA,34110,35190,31230,35490,31590,NA,34950,31950,36090,32310,36390,NA,36690,32670,35790,33030,37050,33390,37470,NA,33750,37920,34110,38370,34470,NA,38820,34920,39270,35370,35820,39720,40170,36270,36720,40620,37170,41070,37620,41520,38070,41970,42420,38520,38970,42870,43320,39420,39870,43770,40320,44220,44670,40770,45120,41220,45570,41670,46020,42120,46470,42570,46920,43020,47370,43470,43920,47820,48270,44370,48720,44820,49170,45270,45720,49620,46170,50070,46620,50520,47070,50970,47520,51420,47970,51870,52320,48420,52770,48870,49320,53220,53670,49770,50220,54120,50670,54570,54930,51090,55290,51510,55650,51930,56010,52350,56370,52740,56730,53130,57090,53520,57450,57810,53910,54270,58170,58530,54630,54990,58890,55350,59250,59610,55710,59970,56070,NA,56430,60330,56730,60690,NA,57030,61050,57330,61410,57630,61770,57930,NA,62220,58410,58650,62670,58830,59010,59190,63120,NA,59550,63570,59730,NA,60060,64020,60240,60390,64470,60720,NA,60900,NA,64920,61230,61380,NA,65370,61560,61890,65820,62070,NA,NA,62250,66270,62490,NA,62730,66720,NA,63270,67170,NA,63570,67620,63870,64170,68070,NA,68520,64770,NA,65070,68970,69420,65670,NA,69870,66030,NA,70320,66450,66870,70770,NA,67320,71220,67770,71670,72120,68220,68670,72570,73020,69120,69570,73470,73920,70020,74370,70470,70920,74820,71370,75270,75720,71820,76170,72270,76710,72870,73470,77310,77910,74070,74670,78510,75270,79110,79710,75870,80310,76470,77070,80910,77670,81510,78270,82110,82710,78870,79470,83310,83910,80070,84510,80670,81270,85110,81870,85710,86310,82470,86910,83070,87510,83670,84270,88110,88710,84870,89310,85470,86070,89910
Harlem-Forest Park,4260,150,1050,5160,1950,6060,6960,2850,3750,7860,8760,4650,5550,9660,11460,7350,13260,9150,15060,10950,15960,11850,16860,12750,17760,13650,18660,14550,19560,15450,16350,20460,16950,21060,17550,21660,18150,22260,18750,22860,19350,23460,19950,24060,20550,24660,25260,21150,25860,21750,26370,22200,26820,22650,27270,23100,27720,23550,28080,24000,28680,NA,24450,28980,24900,NA,25350,29580,29880,25800,30330,NA,NA,30540,26250,30720,30900,26700,31260,NA,NA,27150,31440,31770,27600,31620,32100,NA,32280,NA,28050,32610,32760,28500,33090,NA,28950,NA,33270,NA,33600,29400,33750,34080,NA,29850,NA,NA,34440,30270,34620,NA,30690,NA,34260,35340,31110,35640,31470,NA,35100,31830,36240,32190,36540,NA,36840,32550,35940,32910,37200,33270,37620,NA,33630,38070,33990,38520,34350,NA,38970,34800,39420,35250,35700,39870,40320,36150,36600,40770,37050,41220,37500,41670,37950,42120,42570,38400,38850,43020,43470,39300,39750,43920,40200,44370,44820,40650,45270,41100,45720,41550,46170,42000,46620,42450,47070,42900,47520,43350,43800,47970,48420,44250,48870,44700,49320,45150,45600,49770,46050,50220,46500,50670,46950,51120,47400,51570,47850,52020,52470,48300,52920,48750,49200,53370,53820,49650,50100,54270,50550,54720,55080,50970,55440,51390,55800,51810,56160,52230,56520,52620,56880,53010,57240,53400,57600,57960,53790,54150,58320,58680,54510,54870,59040,55230,59400,59760,55590,60120,55950,NA,56310,60480,56610,60840,NA,56910,61200,57210,61560,57510,61920,57810,NA,62370,58290,58530,62820,58710,58890,59070,63270,NA,59430,63720,59610,NA,59940,64170,60120,60270,64620,60600,NA,60780,NA,65070,61110,61260,NA,65520,61440,61770,65970,61950,NA,NA,62130,66420,62370,NA,62610,66870,NA,63150,67320,NA,63450,67770,63750,64050,68220,NA,68670,64650,NA,64950,69120,69570,65550,NA,70020,65910,NA,70470,66330,66750,70920,NA,67200,71370,67650,71820,72270,68100,68550,72720,73170,69000,69450,73620,74070,69900,74520,70350,70800,74970,71250,75420,75870,71700,76320,72150,76860,72750,73350,77460,78060,73950,74550,78660,75150,79260,79860,75750,80460,76350,76950,81060,77550,81660,78150,82260,82860,78750,79350,83460,84060,79950,84660,80550,81150,85260,81750,85860,86460,82350,87060,82950,87660,83550,84150,88260,88860,84750,89460,85350,85950,90060
Forest Park,4380,0,900,5280,1800,6180,7080,2700,3600,7980,8880,4500,5400,9780,11580,7200,13380,9000,15180,10800,16080,11700,16980,12600,17880,13500,18780,14400,19680,15300,16200,20580,16800,21180,17400,21780,18000,22380,18600,22980,19200,23580,19800,24180,20400,24780,25380,21000,25980,21600,26490,22050,26940,22500,27390,22950,27840,23400,28200,23850,28800,NA,24300,29100,24750,NA,25200,29700,30000,25650,30450,NA,NA,30660,26100,30840,31020,26550,31380,NA,NA,27000,31560,31890,27450,31740,32220,NA,32400,NA,27900,32730,32880,28350,33210,NA,28800,NA,33390,NA,33720,29250,33870,34200,NA,29700,NA,NA,34560,30120,34740,NA,30540,NA,34380,35460,30960,35760,31320,NA,35220,31680,36360,32040,36660,NA,36960,32400,36060,32760,37320,33120,37740,NA,33480,38190,33840,38640,34200,NA,39090,34650,39540,35100,35550,39990,40440,36000,36450,40890,36900,41340,37350,41790,37800,42240,42690,38250,38700,43140,43590,39150,39600,44040,40050,44490,44940,40500,45390,40950,45840,41400,46290,41850,46740,42300,47190,42750,47640,43200,43650,48090,48540,44100,48990,44550,49440,45000,45450,49890,45900,50340,46350,50790,46800,51240,47250,51690,47700,52140,52590,48150,53040,48600,49050,53490,53940,49500,49950,54390,50400,54840,55200,50820,55560,51240,55920,51660,56280,52080,56640,52470,57000,52860,57360,53250,57720,58080,53640,54000,58440,58800,54360,54720,59160,55080,59520,59880,55440,60240,55800,NA,56160,60600,56460,60960,NA,56760,61320,57060,61680,57360,62040,57660,NA,62490,58140,58380,62940,58560,58740,58920,63390,NA,59280,63840,59460,NA,59790,64290,59970,60120,64740,60450,NA,60630,NA,65190,60960,61110,NA,65640,61290,61620,66090,61800,NA,NA,61980,66540,62220,NA,62460,66990,NA,63000,67440,NA,63300,67890,63600,63900,68340,NA,68790,64500,NA,64800,69240,69690,65400,NA,70140,65760,NA,70590,66180,66600,71040,NA,67050,71490,67500,71940,72390,67950,68400,72840,73290,68850,69300,73740,74190,69750,74640,70200,70650,75090,71100,75540,75990,71550,76440,72000,76980,72600,73200,77580,78180,73800,74400,78780,75000,79380,79980,75600,80580,76200,76800,81180,77400,81780,78000,82380,82980,78600,79200,83580,84180,79800,84780,80400,81000,85380,81600,85980,86580,82200,87180,82800,87780,83400,84000,88380,88980,84600,89580,85200,85800,90180
